No files changed, compilation skipped

╭----------------------------------------------------------------------------------------------------+------------------+-------------------+--------------------+---------------------╮
| Contract                                                                                           | Runtime Size (B) | Initcode Size (B) | Runtime Margin (B) | Initcode Margin (B) |
+======================================================================================================================================================================================+
| Actors                                                                                             | 21               | 47                | 24,555             | 49,105              |
|----------------------------------------------------------------------------------------------------+------------------+-------------------+--------------------+---------------------|
| Address                                                                                            | 44               | 94                | 24,532             | 49,058              |
|----------------------------------------------------------------------------------------------------+------------------+-------------------+--------------------+---------------------|
| Address.0.8.15.default                                                                             | 45               | 100               | 24,531             | 49,052              |
|----------------------------------------------------------------------------------------------------+------------------+-------------------+--------------------+---------------------|
| Address.0.8.15.dispute                                                                             | 45               | 100               | 24,531             | 49,052              |
|----------------------------------------------------------------------------------------------------+------------------+-------------------+--------------------+---------------------|
| Address.0.8.19.default                                                                             | 45               | 100               | 24,531             | 49,052              |
|----------------------------------------------------------------------------------------------------+------------------+-------------------+--------------------+---------------------|
| AddressAliasHelper.0.8.15                                                                          | 45               | 100               | 24,531             | 49,052              |
|----------------------------------------------------------------------------------------------------+------------------+-------------------+--------------------+---------------------|
| AddressAliasHelper.0.8.15.dispute                                                                  | 45               | 100               | 24,531             | 49,052              |
|----------------------------------------------------------------------------------------------------+------------------+-------------------+--------------------+---------------------|
| AddressAliasHelper.0.8.25                                                                          | 44               | 94                | 24,532             | 49,058              |
|----------------------------------------------------------------------------------------------------+------------------+-------------------+--------------------+---------------------|
| AddressAliasHelper_Converter                                                                       | 175              | 206               | 24,401             | 48,946              |
|----------------------------------------------------------------------------------------------------+------------------+-------------------+--------------------+---------------------|
| AddressManager                                                                                     | 1,519            | 1,645             | 23,057             | 47,507              |
|----------------------------------------------------------------------------------------------------+------------------+-------------------+--------------------+---------------------|
| AddressUpgradeable (lib/openzeppelin-contracts-upgradeable/contracts/utils/AddressUpgradeable.sol) | 45               | 100               | 24,531             | 49,052              |
|----------------------------------------------------------------------------------------------------+------------------+-------------------+--------------------+---------------------|
| AdminFaucetAuthModule                                                                              | 2,400            | 3,082             | 22,176             | 46,070              |
|----------------------------------------------------------------------------------------------------+------------------+-------------------+--------------------+---------------------|
| AlphabetVM                                                                                         | 1,314            | 1,490             | 23,262             | 47,662              |
|----------------------------------------------------------------------------------------------------+------------------+-------------------+--------------------+---------------------|
| AnchorStateRegistry                                                                                | 7,153            | 7,504             | 17,423             | 41,648              |
|----------------------------------------------------------------------------------------------------+------------------+-------------------+--------------------+---------------------|
| Arithmetic.0.8.15                                                                                  | 45               | 100               | 24,531             | 49,052              |
|----------------------------------------------------------------------------------------------------+------------------+-------------------+--------------------+---------------------|
| Arithmetic.0.8.15.dispute                                                                          | 45               | 100               | 24,531             | 49,052              |
|----------------------------------------------------------------------------------------------------+------------------+-------------------+--------------------+---------------------|
| Arithmetic.0.8.25                                                                                  | 44               | 94                | 24,532             | 49,058              |
|----------------------------------------------------------------------------------------------------+------------------+-------------------+--------------------+---------------------|
| AssetReceiver.0.8.15                                                                               | 3,723            | 3,915             | 20,853             | 45,237              |
|----------------------------------------------------------------------------------------------------+------------------+-------------------+--------------------+---------------------|
| AssetReceiver.0.8.25                                                                               | 3,601            | 3,780             | 20,975             | 45,372              |
|----------------------------------------------------------------------------------------------------+------------------+-------------------+--------------------+---------------------|
| BadDisputeGameFactoryReturner                                                                      | 392              | 634               | 24,184             | 48,518              |
|----------------------------------------------------------------------------------------------------+------------------+-------------------+--------------------+---------------------|
| BaseFeeVault                                                                                       | 2,031            | 2,373             | 22,545             | 46,779              |
|----------------------------------------------------------------------------------------------------+------------------+-------------------+--------------------+---------------------|
| BaseMockContract                                                                                   | 295              | 323               | 24,281             | 48,829              |
|----------------------------------------------------------------------------------------------------+------------------+-------------------+--------------------+---------------------|
| BeaconProxy                                                                                        | 280              | 1,390             | 24,296             | 47,762              |
|----------------------------------------------------------------------------------------------------+------------------+-------------------+--------------------+---------------------|
| Blueprint                                                                                          | 45               | 100               | 24,531             | 49,052              |
|----------------------------------------------------------------------------------------------------+------------------+-------------------+--------------------+---------------------|
| Blueprint.0.8.15.dispute                                                                           | 45               | 100               | 24,531             | 49,052              |
|----------------------------------------------------------------------------------------------------+------------------+-------------------+--------------------+---------------------|
| Blueprint.0.8.25                                                                                   | 44               | 94                | 24,532             | 49,058              |
|----------------------------------------------------------------------------------------------------+------------------+-------------------+--------------------+---------------------|
| BlueprintHarness                                                                                   | 3,895            | 3,927             | 20,681             | 45,225              |
|----------------------------------------------------------------------------------------------------+------------------+-------------------+--------------------+---------------------|
| Burn                                                                                               | 45               | 100               | 24,531             | 49,052              |
|----------------------------------------------------------------------------------------------------+------------------+-------------------+--------------------+---------------------|
| Burn.dispute                                                                                       | 45               | 100               | 24,531             | 49,052              |
|----------------------------------------------------------------------------------------------------+------------------+-------------------+--------------------+---------------------|
| Burn_EthBurner                                                                                     | 1,646            | 1,793             | 22,930             | 47,359              |
|----------------------------------------------------------------------------------------------------+------------------+-------------------+--------------------+---------------------|
| Burn_GasBurner                                                                                     | 1,537            | 1,684             | 23,039             | 47,468              |
|----------------------------------------------------------------------------------------------------+------------------+-------------------+--------------------+---------------------|
| Burner                                                                                             | 22               | 8                 | 24,554             | 49,144              |
|----------------------------------------------------------------------------------------------------+------------------+-------------------+--------------------+---------------------|
| Burner.dispute                                                                                     | 22               | 8                 | 24,554             | 49,144              |
|----------------------------------------------------------------------------------------------------+------------------+-------------------+--------------------+---------------------|
| Bytes                                                                                              | 45               | 100               | 24,531             | 49,052              |
|----------------------------------------------------------------------------------------------------+------------------+-------------------+--------------------+---------------------|
| Bytes.0.8.15.dispute                                                                               | 45               | 100               | 24,531             | 49,052              |
|----------------------------------------------------------------------------------------------------+------------------+-------------------+--------------------+---------------------|
| Bytes.0.8.25                                                                                       | 44               | 94                | 24,532             | 49,058              |
|----------------------------------------------------------------------------------------------------+------------------+-------------------+--------------------+---------------------|
| Bytes32AddressLib (lib/solmate/src/utils/Bytes32AddressLib.sol)                                    | 44               | 94                | 24,532             | 49,058              |
|----------------------------------------------------------------------------------------------------+------------------+-------------------+--------------------+---------------------|
| Bytes_Harness                                                                                      | 988              | 1,020             | 23,588             | 48,132              |
|----------------------------------------------------------------------------------------------------+------------------+-------------------+--------------------+---------------------|
| CREATE3 (lib/solmate/src/utils/CREATE3.sol)                                                        | 44               | 94                | 24,532             | 49,058              |
|----------------------------------------------------------------------------------------------------+------------------+-------------------+--------------------+---------------------|
| CallRecorder (test/mocks/Callers.sol)                                                              | 1,022            | 1,054             | 23,554             | 48,098              |
|----------------------------------------------------------------------------------------------------+------------------+-------------------+--------------------+---------------------|
| ChainAssertions (scripts/deploy/ChainAssertions.sol)                                               | 45               | 100               | 24,531             | 49,052              |
|----------------------------------------------------------------------------------------------------+------------------+-------------------+--------------------+---------------------|
| Chains                                                                                             | 45               | 100               | 24,531             | 49,052              |
|----------------------------------------------------------------------------------------------------+------------------+-------------------+--------------------+---------------------|
| Chains.0.8.15.dispute                                                                              | 45               | 100               | 24,531             | 49,052              |
|----------------------------------------------------------------------------------------------------+------------------+-------------------+--------------------+---------------------|
| Chains.0.8.25                                                                                      | 44               | 94                | 24,532             | 49,058              |
|----------------------------------------------------------------------------------------------------+------------------+-------------------+--------------------+---------------------|
| CheckBalanceLow                                                                                    | 905              | 1,335             | 23,671             | 47,817              |
|----------------------------------------------------------------------------------------------------+------------------+-------------------+--------------------+---------------------|
| CheckSecrets                                                                                       | 1,392            | 1,819             | 23,184             | 47,333              |
|----------------------------------------------------------------------------------------------------+------------------+-------------------+--------------------+---------------------|
| CheckTrue                                                                                          | 732              | 1,156             | 23,844             | 47,996              |
|----------------------------------------------------------------------------------------------------+------------------+-------------------+--------------------+---------------------|
| ClaimCreditReenter (test/dispute/FaultDisputeGame.t.sol)                                           | 677              | 866               | 23,899             | 48,286              |
|----------------------------------------------------------------------------------------------------+------------------+-------------------+--------------------+---------------------|
| ClaimCreditReenter (test/dispute/SuperFaultDisputeGame.t.sol)                                      | 677              | 866               | 23,899             | 48,286              |
|----------------------------------------------------------------------------------------------------+------------------+-------------------+--------------------+---------------------|
| CompatibilityFallbackHandler.0.8.15                                                                | 4,367            | 4,399             | 20,209             | 44,753              |
|----------------------------------------------------------------------------------------------------+------------------+-------------------+--------------------+---------------------|
| CompatibilityFallbackHandler.0.8.25                                                                | 4,228            | 4,256             | 20,348             | 44,896              |
|----------------------------------------------------------------------------------------------------+------------------+-------------------+--------------------+---------------------|
| CompatibleAssert                                                                                   | 86               | 112               | 24,490             | 49,040              |
|----------------------------------------------------------------------------------------------------+------------------+-------------------+--------------------+---------------------|
| Config.0.8.15.default                                                                              | 45               | 100               | 24,531             | 49,052              |
|----------------------------------------------------------------------------------------------------+------------------+-------------------+--------------------+---------------------|
| Config.0.8.15.dispute                                                                              | 45               | 100               | 24,531             | 49,052              |
|----------------------------------------------------------------------------------------------------+------------------+-------------------+--------------------+---------------------|
| Config.0.8.19.default                                                                              | 45               | 100               | 24,531             | 49,052              |
|----------------------------------------------------------------------------------------------------+------------------+-------------------+--------------------+---------------------|
| Config.0.8.25.default                                                                              | 44               | 94                | 24,532             | 49,058              |
|----------------------------------------------------------------------------------------------------+------------------+-------------------+--------------------+---------------------|
| Constants                                                                                          | 45               | 100               | 24,531             | 49,052              |
|----------------------------------------------------------------------------------------------------+------------------+-------------------+--------------------+---------------------|
| Constants.0.8.15                                                                                   | 45               | 100               | 24,531             | 49,052              |
|----------------------------------------------------------------------------------------------------+------------------+-------------------+--------------------+---------------------|
| Constants.0.8.15.dispute (scripts/libraries/Constants.sol)                                         | 45               | 100               | 24,531             | 49,052              |
|----------------------------------------------------------------------------------------------------+------------------+-------------------+--------------------+---------------------|
| Constants.0.8.15.dispute (src/libraries/Constants.sol)                                             | 45               | 100               | 24,531             | 49,052              |
|----------------------------------------------------------------------------------------------------+------------------+-------------------+--------------------+---------------------|
| Constants.0.8.25 (scripts/libraries/Constants.sol)                                                 | 44               | 94                | 24,532             | 49,058              |
|----------------------------------------------------------------------------------------------------+------------------+-------------------+--------------------+---------------------|
| Constants.0.8.25 (src/libraries/Constants.sol)                                                     | 44               | 94                | 24,532             | 49,058              |
|----------------------------------------------------------------------------------------------------+------------------+-------------------+--------------------+---------------------|
| ConstructorArgMock                                                                                 | 461              | 1,119             | 24,115             | 48,033              |
|----------------------------------------------------------------------------------------------------+------------------+-------------------+--------------------+---------------------|
| CorrectInterfaceButWrongFunctionTypeInternal                                                       | 567              | 595               | 24,009             | 48,557              |
|----------------------------------------------------------------------------------------------------+------------------+-------------------+--------------------+---------------------|
| Counters (lib/openzeppelin-contracts/contracts/utils/Counters.sol)                                 | 45               | 100               | 24,531             | 49,052              |
|----------------------------------------------------------------------------------------------------+------------------+-------------------+--------------------+---------------------|
| CrossDomainMessengerLegacySpacer0                                                                  | 22               | 51                | 24,554             | 49,101              |
|----------------------------------------------------------------------------------------------------+------------------+-------------------+--------------------+---------------------|
| CrossDomainMessengerLegacySpacer1                                                                  | 22               | 51                | 24,554             | 49,101              |
|----------------------------------------------------------------------------------------------------+------------------+-------------------+--------------------+---------------------|
| CrossL2Inbox                                                                                       | 1,666            | 1,694             | 22,910             | 47,458              |
|----------------------------------------------------------------------------------------------------+------------------+-------------------+--------------------+---------------------|
| CustomMeterUser                                                                                    | 3,860            | 4,137             | 20,716             | 45,015              |
|----------------------------------------------------------------------------------------------------+------------------+-------------------+--------------------+---------------------|
| DataAvailabilityChallenge                                                                          | 6,583            | 6,820             | 17,993             | 42,332              |
|----------------------------------------------------------------------------------------------------+------------------+-------------------+--------------------+---------------------|
| DefaultCallbackHandler.0.8.15                                                                      | 1,448            | 1,480             | 23,128             | 47,672              |
|----------------------------------------------------------------------------------------------------+------------------+-------------------+--------------------+---------------------|
| DefaultCallbackHandler.0.8.25                                                                      | 1,406            | 1,434             | 23,170             | 47,718              |
|----------------------------------------------------------------------------------------------------+------------------+-------------------+--------------------+---------------------|
| DelayedWETH                                                                                        | 5,921            | 6,260             | 18,655             | 42,892              |
|----------------------------------------------------------------------------------------------------+------------------+-------------------+--------------------+---------------------|
| DelayedWETH_FallbackGasUser_Harness                                                                | 266              | 361               | 24,310             | 48,791              |
|----------------------------------------------------------------------------------------------------+------------------+-------------------+--------------------+---------------------|
| DelayedWETH_FallbackReverter_Harness                                                               | 221              | 251               | 24,355             | 48,901              |
|----------------------------------------------------------------------------------------------------+------------------+-------------------+--------------------+---------------------|
| DelegateCaller (test/mocks/Callers.sol)                                                            | 413              | 445               | 24,163             | 48,707              |
|----------------------------------------------------------------------------------------------------+------------------+-------------------+--------------------+---------------------|
| DeployAuthSystemInput                                                                              | 1,839            | 1,871             | 22,737             | 47,281              |
|----------------------------------------------------------------------------------------------------+------------------+-------------------+--------------------+---------------------|
| DeployAuthSystemOutput                                                                             | 2,656            | 2,688             | 21,920             | 46,464              |
|----------------------------------------------------------------------------------------------------+------------------+-------------------+--------------------+---------------------|
| DeployDisputeGameBigStepper                                                                        | 373              | 511               | 24,203             | 48,641              |
|----------------------------------------------------------------------------------------------------+------------------+-------------------+--------------------+---------------------|
| DeployDisputeGameInput                                                                             | 9,550            | 9,578             | 15,026             | 39,574              |
|----------------------------------------------------------------------------------------------------+------------------+-------------------+--------------------+---------------------|
| DeployDisputeGameOutput                                                                            | 6,237            | 6,265             | 18,339             | 42,887              |
|----------------------------------------------------------------------------------------------------+------------------+-------------------+--------------------+---------------------|
| DeployMIPSInput                                                                                    | 1,471            | 1,503             | 23,105             | 47,649              |
|----------------------------------------------------------------------------------------------------+------------------+-------------------+--------------------+---------------------|
| DeployMIPSOutput                                                                                   | 1,683            | 1,715             | 22,893             | 47,437              |
|----------------------------------------------------------------------------------------------------+------------------+-------------------+--------------------+---------------------|
| DeployOPChainInput (scripts/deploy/DeployOPChain.s.sol)                                            | 6,911            | 6,943             | 17,665             | 42,209              |
|----------------------------------------------------------------------------------------------------+------------------+-------------------+--------------------+---------------------|
| DeployOPChainOutput (scripts/deploy/DeployOPChain.s.sol)                                           | 4,595            | 4,627             | 19,981             | 44,525              |
|----------------------------------------------------------------------------------------------------+------------------+-------------------+--------------------+---------------------|
| DeployPreimageOracleInput                                                                          | 826              | 858               | 23,750             | 48,294              |
|----------------------------------------------------------------------------------------------------+------------------+-------------------+--------------------+---------------------|
| DeployPreimageOracleOutput                                                                         | 905              | 937               | 23,671             | 48,215              |
|----------------------------------------------------------------------------------------------------+------------------+-------------------+--------------------+---------------------|
| DeployProxyInput                                                                                   | 821              | 849               | 23,755             | 48,303              |
|----------------------------------------------------------------------------------------------------+------------------+-------------------+--------------------+---------------------|
| DeployProxyOutput                                                                                  | 1,618            | 1,646             | 22,958             | 47,506              |
|----------------------------------------------------------------------------------------------------+------------------+-------------------+--------------------+---------------------|
| DeployUtils                                                                                        | 45               | 100               | 24,531             | 49,052              |
|----------------------------------------------------------------------------------------------------+------------------+-------------------+--------------------+---------------------|
| DeployUtils.0.8.15.dispute                                                                         | 45               | 100               | 24,531             | 49,052              |
|----------------------------------------------------------------------------------------------------+------------------+-------------------+--------------------+---------------------|
| DeployUtils.0.8.25                                                                                 | 44               | 94                | 24,532             | 49,058              |
|----------------------------------------------------------------------------------------------------+------------------+-------------------+--------------------+---------------------|
| DeployerWhitelist                                                                                  | 1,980            | 2,012             | 22,596             | 47,140              |
|----------------------------------------------------------------------------------------------------+------------------+-------------------+--------------------+---------------------|
| DeploymentSummary                                                                                  | 21               | 47                | 24,555             | 49,105              |
|----------------------------------------------------------------------------------------------------+------------------+-------------------+--------------------+---------------------|
| DeploymentSummaryCode                                                                              | 21               | 47                | 24,555             | 49,105              |
|----------------------------------------------------------------------------------------------------+------------------+-------------------+--------------------+---------------------|
| DeploymentSummaryFaultProofs.0.8.15                                                                | 22               | 51                | 24,554             | 49,101              |
|----------------------------------------------------------------------------------------------------+------------------+-------------------+--------------------+---------------------|
| DeploymentSummaryFaultProofs.0.8.25                                                                | 21               | 47                | 24,555             | 49,105              |
|----------------------------------------------------------------------------------------------------+------------------+-------------------+--------------------+---------------------|
| DeploymentSummaryFaultProofsCode.0.8.15                                                            | 22               | 51                | 24,554             | 49,101              |
|----------------------------------------------------------------------------------------------------+------------------+-------------------+--------------------+---------------------|
| DeploymentSummaryFaultProofsCode.0.8.25                                                            | 21               | 47                | 24,555             | 49,105              |
|----------------------------------------------------------------------------------------------------+------------------+-------------------+--------------------+---------------------|
| DeputyPauseModule                                                                                  | 4,937            | 7,180             | 19,639             | 41,972              |
|----------------------------------------------------------------------------------------------------+------------------+-------------------+--------------------+---------------------|
| DisputeGameFactory (src/dispute/DisputeGameFactory.sol)                                            | 6,531            | 6,792             | 18,045             | 42,360              |
|----------------------------------------------------------------------------------------------------+------------------+-------------------+--------------------+---------------------|
| DisputeGameFactoryMock                                                                             | 2,274            | 2,302             | 22,302             | 46,850              |
|----------------------------------------------------------------------------------------------------+------------------+-------------------+--------------------+---------------------|
| DisputeGameFactory_FakeClone_Harness                                                               | 307              | 339               | 24,269             | 48,813              |
|----------------------------------------------------------------------------------------------------+------------------+-------------------+--------------------+---------------------|
| DisputeMonitorHelper (src/periphery/monitoring/DisputeMonitorHelper.sol)                           | 3,401            | 3,429             | 21,175             | 45,723              |
|----------------------------------------------------------------------------------------------------+------------------+-------------------+--------------------+---------------------|
| Drippie                                                                                            | 12,203           | 12,409            | 12,373             | 36,743              |
|----------------------------------------------------------------------------------------------------+------------------+-------------------+--------------------+---------------------|
| Drippie_Test_Harness                                                                               | 13,843           | 14,050            | 10,733             | 35,102              |
|----------------------------------------------------------------------------------------------------+------------------+-------------------+--------------------+---------------------|
| DummyCaller (scripts/deploy/AddGameType.s.sol)                                                     | 1,634            | 1,666             | 22,942             | 47,486              |
|----------------------------------------------------------------------------------------------------+------------------+-------------------+--------------------+---------------------|
| DummyCaller (scripts/deploy/InteropMigration.s.sol)                                                | 1,728            | 1,760             | 22,848             | 47,392              |
|----------------------------------------------------------------------------------------------------+------------------+-------------------+--------------------+---------------------|
| DummyCaller (scripts/deploy/UpgradeOPChain.s.sol)                                                  | 992              | 1,024             | 23,584             | 48,128              |
|----------------------------------------------------------------------------------------------------+------------------+-------------------+--------------------+---------------------|
| EAS                                                                                                | 17,790           | 18,121            | 6,786              | 31,031              |
|----------------------------------------------------------------------------------------------------+------------------+-------------------+--------------------+---------------------|
| ECDSA                                                                                              | 44               | 94                | 24,532             | 49,058              |
|----------------------------------------------------------------------------------------------------+------------------+-------------------+--------------------+---------------------|
| ECDSA.0.8.15                                                                                       | 45               | 100               | 24,531             | 49,052              |
|----------------------------------------------------------------------------------------------------+------------------+-------------------+--------------------+---------------------|
| ECDSA.0.8.15.dispute                                                                               | 45               | 100               | 24,531             | 49,052              |
|----------------------------------------------------------------------------------------------------+------------------+-------------------+--------------------+---------------------|
| ECDSA.0.8.19                                                                                       | 45               | 100               | 24,531             | 49,052              |
|----------------------------------------------------------------------------------------------------+------------------+-------------------+--------------------+---------------------|
| ECDSA.0.8.25.default                                                                               | 44               | 94                | 24,532             | 49,058              |
|----------------------------------------------------------------------------------------------------+------------------+-------------------+--------------------+---------------------|
| ECDSAUpgradeable                                                                                   | 45               | 100               | 24,531             | 49,052              |
|----------------------------------------------------------------------------------------------------+------------------+-------------------+--------------------+---------------------|
| EIP1967Helper                                                                                      | 45               | 100               | 24,531             | 49,052              |
|----------------------------------------------------------------------------------------------------+------------------+-------------------+--------------------+---------------------|
| EIP1967Helper.0.8.15.dispute                                                                       | 45               | 100               | 24,531             | 49,052              |
|----------------------------------------------------------------------------------------------------+------------------+-------------------+--------------------+---------------------|
| EIP1967Helper.0.8.25                                                                               | 44               | 94                | 24,532             | 49,058              |
|----------------------------------------------------------------------------------------------------+------------------+-------------------+--------------------+---------------------|
| EOA.0.8.15                                                                                         | 45               | 100               | 24,531             | 49,052              |
|----------------------------------------------------------------------------------------------------+------------------+-------------------+--------------------+---------------------|
| EOA.0.8.15.dispute                                                                                 | 45               | 100               | 24,531             | 49,052              |
|----------------------------------------------------------------------------------------------------+------------------+-------------------+--------------------+---------------------|
| EOA.0.8.25                                                                                         | 44               | 94                | 24,532             | 49,058              |
|----------------------------------------------------------------------------------------------------+------------------+-------------------+--------------------+---------------------|
| EOA_Harness                                                                                        | 156              | 187               | 24,420             | 48,965              |
|----------------------------------------------------------------------------------------------------+------------------+-------------------+--------------------+---------------------|
| ERC165Checker                                                                                      | 45               | 100               | 24,531             | 49,052              |
|----------------------------------------------------------------------------------------------------+------------------+-------------------+--------------------+---------------------|
| ERC1967Proxy                                                                                       | 135              | 942               | 24,441             | 48,210              |
|----------------------------------------------------------------------------------------------------+------------------+-------------------+--------------------+---------------------|
| ERC1967Utils                                                                                       | 44               | 94                | 24,532             | 49,058              |
|----------------------------------------------------------------------------------------------------+------------------+-------------------+--------------------+---------------------|
| ERC20 (lib/openzeppelin-contracts/contracts/token/ERC20/ERC20.sol)                                 | 2,698            | 3,462             | 21,878             | 45,690              |
|----------------------------------------------------------------------------------------------------+------------------+-------------------+--------------------+---------------------|
| ERC721                                                                                             | 5,995            | 6,759             | 18,581             | 42,393              |
|----------------------------------------------------------------------------------------------------+------------------+-------------------+--------------------+---------------------|
| ETHLiquidity                                                                                       | 915              | 947               | 23,661             | 48,205              |
|----------------------------------------------------------------------------------------------------+------------------+-------------------+--------------------+---------------------|
| ETHLiquidity_User                                                                                  | 2,054            | 2,393             | 22,522             | 46,759              |
|----------------------------------------------------------------------------------------------------+------------------+-------------------+--------------------+---------------------|
| ETHLockbox                                                                                         | 4,919            | 5,180             | 19,657             | 43,972              |
|----------------------------------------------------------------------------------------------------+------------------+-------------------+--------------------+---------------------|
| Encoding.0.8.15                                                                                    | 45               | 100               | 24,531             | 49,052              |
|----------------------------------------------------------------------------------------------------+------------------+-------------------+--------------------+---------------------|
| Encoding.0.8.15.dispute                                                                            | 45               | 100               | 24,531             | 49,052              |
|----------------------------------------------------------------------------------------------------+------------------+-------------------+--------------------+---------------------|
| Encoding.0.8.25                                                                                    | 44               | 94                | 24,532             | 49,058              |
|----------------------------------------------------------------------------------------------------+------------------+-------------------+--------------------+---------------------|
| Encoding_Converter                                                                                 | 579              | 611               | 23,997             | 48,541              |
|----------------------------------------------------------------------------------------------------+------------------+-------------------+--------------------+---------------------|
| Encoding_Harness                                                                                   | 2,432            | 2,464             | 22,144             | 46,688              |
|----------------------------------------------------------------------------------------------------+------------------+-------------------+--------------------+---------------------|
| Enum.0.8.15                                                                                        | 22               | 51                | 24,554             | 49,101              |
|----------------------------------------------------------------------------------------------------+------------------+-------------------+--------------------+---------------------|
| Enum.0.8.25                                                                                        | 21               | 47                | 24,555             | 49,105              |
|----------------------------------------------------------------------------------------------------+------------------+-------------------+--------------------+---------------------|
| EnumerableMap                                                                                      | 44               | 94                | 24,532             | 49,058              |
|----------------------------------------------------------------------------------------------------+------------------+-------------------+--------------------+---------------------|
| EnumerableSet (lib/openzeppelin-contracts/contracts/utils/structs/EnumerableSet.sol)               | 44               | 94                | 24,532             | 49,058              |
|----------------------------------------------------------------------------------------------------+------------------+-------------------+--------------------+---------------------|
| EtherPaymentFallback.0.8.15                                                                        | 81               | 110               | 24,495             | 49,042              |
|----------------------------------------------------------------------------------------------------+------------------+-------------------+--------------------+---------------------|
| EtherPaymentFallback.0.8.25                                                                        | 80               | 106               | 24,496             | 49,046              |
|----------------------------------------------------------------------------------------------------+------------------+-------------------+--------------------+---------------------|
| EventLogger                                                                                        | 694              | 722               | 23,882             | 48,430              |
|----------------------------------------------------------------------------------------------------+------------------+-------------------+--------------------+---------------------|
| Events                                                                                             | 22               | 51                | 24,554             | 49,101              |
|----------------------------------------------------------------------------------------------------+------------------+-------------------+--------------------+---------------------|
| Events.0.8.15.dispute                                                                              | 22               | 51                | 24,554             | 49,101              |
|----------------------------------------------------------------------------------------------------+------------------+-------------------+--------------------+---------------------|
| Events.0.8.25                                                                                      | 21               | 47                | 24,555             | 49,105              |
|----------------------------------------------------------------------------------------------------+------------------+-------------------+--------------------+---------------------|
| Executor.0.8.15                                                                                    | 22               | 51                | 24,554             | 49,101              |
|----------------------------------------------------------------------------------------------------+------------------+-------------------+--------------------+---------------------|
| Executor.0.8.25                                                                                    | 21               | 47                | 24,555             | 49,105              |
|----------------------------------------------------------------------------------------------------+------------------+-------------------+--------------------+---------------------|
| FFIInterface (test/setup/FFIInterface.sol)                                                         | 26,531           | 26,564            | -1,955             | 22,588              |
|----------------------------------------------------------------------------------------------------+------------------+-------------------+--------------------+---------------------|
| FallbackManager.0.8.15                                                                             | 462              | 494               | 24,114             | 48,658              |
|----------------------------------------------------------------------------------------------------+------------------+-------------------+--------------------+---------------------|
| FallbackManager.0.8.25                                                                             | 451              | 479               | 24,125             | 48,673              |
|----------------------------------------------------------------------------------------------------+------------------+-------------------+--------------------+---------------------|
| Faucet                                                                                             | 4,957            | 5,110             | 19,619             | 44,042              |
|----------------------------------------------------------------------------------------------------+------------------+-------------------+--------------------+---------------------|
| FaucetHelper                                                                                       | 1,469            | 1,501             | 23,107             | 47,651              |
|----------------------------------------------------------------------------------------------------+------------------+-------------------+--------------------+---------------------|
| FaultDisputeGame                                                                                   | 23,681           | 25,800            | 895                | 23,352              |
|----------------------------------------------------------------------------------------------------+------------------+-------------------+--------------------+---------------------|
| FaultDisputeGameV2                                                                                 | 23,123           | 25,235            | 1,453              | 23,917              |
|----------------------------------------------------------------------------------------------------+------------------+-------------------+--------------------+---------------------|
| FetchChainInfoInput                                                                                | 1,247            | 1,275             | 23,329             | 47,877              |
|----------------------------------------------------------------------------------------------------+------------------+-------------------+--------------------+---------------------|
| FetchChainInfoOutput                                                                               | 10,091           | 10,119            | 14,485             | 39,033              |
|----------------------------------------------------------------------------------------------------+------------------+-------------------+--------------------+---------------------|
| FixedPointMathLib.0.8.15.default                                                                   | 45               | 100               | 24,531             | 49,052              |
|----------------------------------------------------------------------------------------------------+------------------+-------------------+--------------------+---------------------|
| FixedPointMathLib.0.8.15.dispute                                                                   | 45               | 100               | 24,531             | 49,052              |
|----------------------------------------------------------------------------------------------------+------------------+-------------------+--------------------+---------------------|
| FixedPointMathLib.0.8.25.default                                                                   | 44               | 94                | 24,532             | 49,058              |
|----------------------------------------------------------------------------------------------------+------------------+-------------------+--------------------+---------------------|
| FixedPointMathLib.default                                                                          | 45               | 100               | 24,531             | 49,052              |
|----------------------------------------------------------------------------------------------------+------------------+-------------------+--------------------+---------------------|
| FixedPointMathLib.dispute                                                                          | 45               | 100               | 24,531             | 49,052              |
|----------------------------------------------------------------------------------------------------+------------------+-------------------+--------------------+---------------------|
| ForgeArtifacts                                                                                     | 45               | 100               | 24,531             | 49,052              |
|----------------------------------------------------------------------------------------------------+------------------+-------------------+--------------------+---------------------|
| ForgeArtifacts.0.8.15.dispute                                                                      | 45               | 100               | 24,531             | 49,052              |
|----------------------------------------------------------------------------------------------------+------------------+-------------------+--------------------+---------------------|
| ForgeArtifacts.0.8.25                                                                              | 44               | 94                | 24,532             | 49,058              |
|----------------------------------------------------------------------------------------------------+------------------+-------------------+--------------------+---------------------|
| ForkUtils.0.8.15.default                                                                           | 45               | 100               | 24,531             | 49,052              |
|----------------------------------------------------------------------------------------------------+------------------+-------------------+--------------------+---------------------|
| ForkUtils.0.8.15.dispute                                                                           | 45               | 100               | 24,531             | 49,052              |
|----------------------------------------------------------------------------------------------------+------------------+-------------------+--------------------+---------------------|
| ForkUtils.0.8.19.default                                                                           | 45               | 100               | 24,531             | 49,052              |
|----------------------------------------------------------------------------------------------------+------------------+-------------------+--------------------+---------------------|
| ForkUtils.0.8.25.default                                                                           | 44               | 94                | 24,532             | 49,058              |
|----------------------------------------------------------------------------------------------------+------------------+-------------------+--------------------+---------------------|
| GameHelper                                                                                         | 2,137            | 2,165             | 22,439             | 46,987              |
|----------------------------------------------------------------------------------------------------+------------------+-------------------+--------------------+---------------------|
| GameTypes.0.8.15                                                                                   | 45               | 100               | 24,531             | 49,052              |
|----------------------------------------------------------------------------------------------------+------------------+-------------------+--------------------+---------------------|
| GameTypes.0.8.15.dispute                                                                           | 45               | 100               | 24,531             | 49,052              |
|----------------------------------------------------------------------------------------------------+------------------+-------------------+--------------------+---------------------|
| GameTypes.0.8.25                                                                                   | 44               | 94                | 24,532             | 49,058              |
|----------------------------------------------------------------------------------------------------+------------------+-------------------+--------------------+---------------------|
| GasBurner (test/mocks/Callers.sol)                                                                 | 233              | 387               | 24,343             | 48,765              |
|----------------------------------------------------------------------------------------------------+------------------+-------------------+--------------------+---------------------|
| GasPayingToken (src/libraries/GasPayingToken.sol)                                                  | 44               | 94                | 24,532             | 49,058              |
|----------------------------------------------------------------------------------------------------+------------------+-------------------+--------------------+---------------------|
| GasPayingToken_Harness                                                                             | 566              | 598               | 24,010             | 48,554              |
|----------------------------------------------------------------------------------------------------+------------------+-------------------+--------------------+---------------------|
| GasPriceOracle                                                                                     | 7,228            | 7,260             | 17,348             | 41,892              |
|----------------------------------------------------------------------------------------------------+------------------+-------------------+--------------------+---------------------|
| GnosisSafeMath.0.8.15                                                                              | 45               | 100               | 24,531             | 49,052              |
|----------------------------------------------------------------------------------------------------+------------------+-------------------+--------------------+---------------------|
| GnosisSafeMath.0.8.25                                                                              | 44               | 94                | 24,532             | 49,058              |
|----------------------------------------------------------------------------------------------------+------------------+-------------------+--------------------+---------------------|
| GnosisSafeProxy.0.8.15                                                                             | 120              | 367               | 24,456             | 48,785              |
|----------------------------------------------------------------------------------------------------+------------------+-------------------+--------------------+---------------------|
| GnosisSafeProxy.0.8.25                                                                             | 118              | 351               | 24,458             | 48,801              |
|----------------------------------------------------------------------------------------------------+------------------+-------------------+--------------------+---------------------|
| GnosisSafeProxyFactory.0.8.15                                                                      | 2,978            | 3,010             | 21,598             | 46,142              |
|----------------------------------------------------------------------------------------------------+------------------+-------------------+--------------------+---------------------|
| GnosisSafeProxyFactory.0.8.25                                                                      | 2,850            | 2,878             | 21,726             | 46,274              |
|----------------------------------------------------------------------------------------------------+------------------+-------------------+--------------------+---------------------|
| GnosisSafeStorage.0.8.15                                                                           | 22               | 51                | 24,554             | 49,101              |
|----------------------------------------------------------------------------------------------------+------------------+-------------------+--------------------+---------------------|
| GnosisSafeStorage.0.8.25                                                                           | 21               | 47                | 24,555             | 49,105              |
|----------------------------------------------------------------------------------------------------+------------------+-------------------+--------------------+---------------------|
| GovernanceToken                                                                                    | 10,346           | 11,213            | 14,230             | 37,939              |
|----------------------------------------------------------------------------------------------------+------------------+-------------------+--------------------+---------------------|
| GuardManager.0.8.15                                                                                | 375              | 407               | 24,201             | 48,745              |
|----------------------------------------------------------------------------------------------------+------------------+-------------------+--------------------+---------------------|
| GuardManager.0.8.25                                                                                | 369              | 397               | 24,207             | 48,755              |
|----------------------------------------------------------------------------------------------------+------------------+-------------------+--------------------+---------------------|
| HandlerGetters                                                                                     | 4,688            | 18,916            | 19,888             | 30,236              |
|----------------------------------------------------------------------------------------------------+------------------+-------------------+--------------------+---------------------|
| Hash_CrossDomainHasher                                                                             | 2,036            | 2,068             | 22,540             | 47,084              |
|----------------------------------------------------------------------------------------------------+------------------+-------------------+--------------------+---------------------|
| Hashing.0.8.15                                                                                     | 45               | 100               | 24,531             | 49,052              |
|----------------------------------------------------------------------------------------------------+------------------+-------------------+--------------------+---------------------|
| Hashing.0.8.15.dispute                                                                             | 45               | 100               | 24,531             | 49,052              |
|----------------------------------------------------------------------------------------------------+------------------+-------------------+--------------------+---------------------|
| Hashing.0.8.25                                                                                     | 44               | 94                | 24,532             | 49,058              |
|----------------------------------------------------------------------------------------------------+------------------+-------------------+--------------------+---------------------|
| Hashing_Harness                                                                                    | 1,321            | 1,353             | 23,255             | 47,799              |
|----------------------------------------------------------------------------------------------------+------------------+-------------------+--------------------+---------------------|
| HonestDisputeActor.0.8.15                                                                          | 1,728            | 11,621            | 22,848             | 37,531              |
|----------------------------------------------------------------------------------------------------+------------------+-------------------+--------------------+---------------------|
| HonestDisputeActor.0.8.25                                                                          | 1,520            | 10,943            | 23,056             | 38,209              |
|----------------------------------------------------------------------------------------------------+------------------+-------------------+--------------------+---------------------|
| HonestGameSolver.0.8.15                                                                            | 6,894            | 8,956             | 17,682             | 40,196              |
|----------------------------------------------------------------------------------------------------+------------------+-------------------+--------------------+---------------------|
| HonestGameSolver.0.8.25                                                                            | 6,742            | 8,606             | 17,834             | 40,546              |
|----------------------------------------------------------------------------------------------------+------------------+-------------------+--------------------+---------------------|
| ISignatureValidatorConstants.0.8.15                                                                | 22               | 51                | 24,554             | 49,101              |
|----------------------------------------------------------------------------------------------------+------------------+-------------------+--------------------+---------------------|
| ISignatureValidatorConstants.0.8.25                                                                | 21               | 47                | 24,555             | 49,105              |
|----------------------------------------------------------------------------------------------------+------------------+-------------------+--------------------+---------------------|
| InternalUpgradeFunction                                                                            | 21               | 47                | 24,555             | 49,105              |
|----------------------------------------------------------------------------------------------------+------------------+-------------------+--------------------+---------------------|
| InteropMigrationInput                                                                              | 7,247            | 7,279             | 17,329             | 41,873              |
|----------------------------------------------------------------------------------------------------+------------------+-------------------+--------------------+---------------------|
| InteropMigrationOutput                                                                             | 1,685            | 1,717             | 22,891             | 47,435              |
|----------------------------------------------------------------------------------------------------+------------------+-------------------+--------------------+---------------------|
| L1Block                                                                                            | 1,710            | 1,742             | 22,866             | 47,410              |
|----------------------------------------------------------------------------------------------------+------------------+-------------------+--------------------+---------------------|
| L1BlockNumber                                                                                      | 537              | 569               | 24,039             | 48,583              |
|----------------------------------------------------------------------------------------------------+------------------+-------------------+--------------------+---------------------|
| L1ChugSplashProxy                                                                                  | 2,472            | 2,628             | 22,104             | 46,524              |
|----------------------------------------------------------------------------------------------------+------------------+-------------------+--------------------+---------------------|
| L1ChugSplashProxy_Implementation_Harness                                                           | 564              | 596               | 24,012             | 48,556              |
|----------------------------------------------------------------------------------------------------+------------------+-------------------+--------------------+---------------------|
| L1ChugSplashProxy_Owner_Harness                                                                    | 201              | 232               | 24,375             | 48,920              |
|----------------------------------------------------------------------------------------------------+------------------+-------------------+--------------------+---------------------|
| L1CrossDomainMessenger                                                                             | 10,232           | 10,520            | 14,344             | 38,632              |
|----------------------------------------------------------------------------------------------------+------------------+-------------------+--------------------+---------------------|
| L1CrossDomainMessengerKontrol                                                                      | 1,492            | 1,524             | 23,084             | 47,628              |
|----------------------------------------------------------------------------------------------------+------------------+-------------------+--------------------+---------------------|
| L1CrossDomainMessenger_Encoding_Harness                                                            | 1,295            | 1,327             | 23,281             | 47,825              |
|----------------------------------------------------------------------------------------------------+------------------+-------------------+--------------------+---------------------|
| L1ERC721Bridge                                                                                     | 6,684            | 6,952             | 17,892             | 42,200              |
|----------------------------------------------------------------------------------------------------+------------------+-------------------+--------------------+---------------------|
| L1ERC721BridgeKontrol                                                                              | 2,532            | 2,564             | 22,044             | 46,588              |
|----------------------------------------------------------------------------------------------------+------------------+-------------------+--------------------+---------------------|
| L1ERC721Bridge_TestERC721_Harness                                                                  | 6,485            | 6,986             | 18,091             | 42,166              |
|----------------------------------------------------------------------------------------------------+------------------+-------------------+--------------------+---------------------|
| L1FeeVault                                                                                         | 2,031            | 2,373             | 22,545             | 46,779              |
|----------------------------------------------------------------------------------------------------+------------------+-------------------+--------------------+---------------------|
| L1StandardBridge                                                                                   | 13,115           | 13,390            | 11,461             | 35,762              |
|----------------------------------------------------------------------------------------------------+------------------+-------------------+--------------------+---------------------|
| L1StandardBridgeKontrol                                                                            | 4,453            | 4,485             | 20,123             | 44,667              |
|----------------------------------------------------------------------------------------------------+------------------+-------------------+--------------------+---------------------|
| L2CrossDomainMessenger                                                                             | 7,723            | 7,973             | 16,853             | 41,179              |
|----------------------------------------------------------------------------------------------------+------------------+-------------------+--------------------+---------------------|
| L2ERC721Bridge                                                                                     | 5,664            | 5,901             | 18,912             | 43,251              |
|----------------------------------------------------------------------------------------------------+------------------+-------------------+--------------------+---------------------|
| L2ERC721Bridge_NonCompliantERC721_Harness                                                          | 417              | 555               | 24,159             | 48,597              |
|----------------------------------------------------------------------------------------------------+------------------+-------------------+--------------------+---------------------|
| L2ERC721Bridge_TestERC721_Harness                                                                  | 6,485            | 6,986             | 18,091             | 42,166              |
|----------------------------------------------------------------------------------------------------+------------------+-------------------+--------------------+---------------------|
| L2ERC721Bridge_TestMintableERC721_Harness                                                          | 10,241           | 12,583            | 14,335             | 36,569              |
|----------------------------------------------------------------------------------------------------+------------------+-------------------+--------------------+---------------------|
| L2StandardBridge                                                                                   | 10,905           | 11,149            | 13,671             | 38,003              |
|----------------------------------------------------------------------------------------------------+------------------+-------------------+--------------------+---------------------|
| L2StandardBridgeInterop                                                                            | 12,498           | 12,742            | 12,078             | 36,410              |
|----------------------------------------------------------------------------------------------------+------------------+-------------------+--------------------+---------------------|
| L2ToL1MessagePasser                                                                                | 1,747            | 1,779             | 22,829             | 47,373              |
|----------------------------------------------------------------------------------------------------+------------------+-------------------+--------------------+---------------------|
| L2ToL2CrossDomainMessenger                                                                         | 4,455            | 4,483             | 20,121             | 44,669              |
|----------------------------------------------------------------------------------------------------+------------------+-------------------+--------------------+---------------------|
| L2ToL2CrossDomainMessenger_WithModifiableTransientStorage_Harness                                  | 4,757            | 4,785             | 19,819             | 44,367              |
|----------------------------------------------------------------------------------------------------+------------------+-------------------+--------------------+---------------------|
| LPPMetadataLib.0.8.15                                                                              | 45               | 100               | 24,531             | 49,052              |
|----------------------------------------------------------------------------------------------------+------------------+-------------------+--------------------+---------------------|
| LPPMetadataLib.0.8.15.dispute                                                                      | 45               | 100               | 24,531             | 49,052              |
|----------------------------------------------------------------------------------------------------+------------------+-------------------+--------------------+---------------------|
| LPPMetadataLib.0.8.25                                                                              | 44               | 94                | 24,532             | 49,058              |
|----------------------------------------------------------------------------------------------------+------------------+-------------------+--------------------+---------------------|
| LegacyCrossDomainUtils (src/libraries/LegacyCrossDomainUtils.sol)                                  | 44               | 94                | 24,532             | 49,058              |
|----------------------------------------------------------------------------------------------------+------------------+-------------------+--------------------+---------------------|
| LegacyMessagePasser                                                                                | 858              | 890               | 23,718             | 48,262              |
|----------------------------------------------------------------------------------------------------+------------------+-------------------+--------------------+---------------------|
| LegacyMintable                                                                                     | 3,232            | 4,000             | 21,344             | 45,152              |
|----------------------------------------------------------------------------------------------------+------------------+-------------------+--------------------+---------------------|
| LegacyMintableERC20                                                                                | 4,588            | 5,472             | 19,988             | 43,680              |
|----------------------------------------------------------------------------------------------------+------------------+-------------------+--------------------+---------------------|
| LegacyMockContract                                                                                 | 1,828            | 1,856             | 22,748             | 47,296              |
|----------------------------------------------------------------------------------------------------+------------------+-------------------+--------------------+---------------------|
| LibClaim.0.8.15                                                                                    | 45               | 100               | 24,531             | 49,052              |
|----------------------------------------------------------------------------------------------------+------------------+-------------------+--------------------+---------------------|
| LibClaim.0.8.15.dispute                                                                            | 45               | 100               | 24,531             | 49,052              |
|----------------------------------------------------------------------------------------------------+------------------+-------------------+--------------------+---------------------|
| LibClaim.0.8.25                                                                                    | 44               | 94                | 24,532             | 49,058              |
|----------------------------------------------------------------------------------------------------+------------------+-------------------+--------------------+---------------------|
| LibClock.0.8.15                                                                                    | 45               | 100               | 24,531             | 49,052              |
|----------------------------------------------------------------------------------------------------+------------------+-------------------+--------------------+---------------------|
| LibClock.0.8.15.dispute                                                                            | 45               | 100               | 24,531             | 49,052              |
|----------------------------------------------------------------------------------------------------+------------------+-------------------+--------------------+---------------------|
| LibClock.0.8.25                                                                                    | 44               | 94                | 24,532             | 49,058              |
|----------------------------------------------------------------------------------------------------+------------------+-------------------+--------------------+---------------------|
| LibClone (lib/solady/src/utils/LibClone.sol)                                                       | 45               | 100               | 24,531             | 49,052              |
|----------------------------------------------------------------------------------------------------+------------------+-------------------+--------------------+---------------------|
| LibDuration.0.8.15                                                                                 | 45               | 100               | 24,531             | 49,052              |
|----------------------------------------------------------------------------------------------------+------------------+-------------------+--------------------+---------------------|
| LibDuration.0.8.15.dispute                                                                         | 45               | 100               | 24,531             | 49,052              |
|----------------------------------------------------------------------------------------------------+------------------+-------------------+--------------------+---------------------|
| LibDuration.0.8.25                                                                                 | 44               | 94                | 24,532             | 49,058              |
|----------------------------------------------------------------------------------------------------+------------------+-------------------+--------------------+---------------------|
| LibGameId.0.8.15                                                                                   | 45               | 100               | 24,531             | 49,052              |
|----------------------------------------------------------------------------------------------------+------------------+-------------------+--------------------+---------------------|
| LibGameId.0.8.15.dispute                                                                           | 45               | 100               | 24,531             | 49,052              |
|----------------------------------------------------------------------------------------------------+------------------+-------------------+--------------------+---------------------|
| LibGameId.0.8.25                                                                                   | 44               | 94                | 24,532             | 49,058              |
|----------------------------------------------------------------------------------------------------+------------------+-------------------+--------------------+---------------------|
| LibGameType.0.8.15                                                                                 | 45               | 100               | 24,531             | 49,052              |
|----------------------------------------------------------------------------------------------------+------------------+-------------------+--------------------+---------------------|
| LibGameType.0.8.15.dispute                                                                         | 45               | 100               | 24,531             | 49,052              |
|----------------------------------------------------------------------------------------------------+------------------+-------------------+--------------------+---------------------|
| LibGameType.0.8.25                                                                                 | 44               | 94                | 24,532             | 49,058              |
|----------------------------------------------------------------------------------------------------+------------------+-------------------+--------------------+---------------------|
| LibHash.0.8.15                                                                                     | 45               | 100               | 24,531             | 49,052              |
|----------------------------------------------------------------------------------------------------+------------------+-------------------+--------------------+---------------------|
| LibHash.0.8.15.dispute                                                                             | 45               | 100               | 24,531             | 49,052              |
|----------------------------------------------------------------------------------------------------+------------------+-------------------+--------------------+---------------------|
| LibHash.0.8.25                                                                                     | 44               | 94                | 24,532             | 49,058              |
|----------------------------------------------------------------------------------------------------+------------------+-------------------+--------------------+---------------------|
| LibKeccak.0.8.15.default                                                                           | 45               | 100               | 24,531             | 49,052              |
|----------------------------------------------------------------------------------------------------+------------------+-------------------+--------------------+---------------------|
| LibKeccak.0.8.15.dispute                                                                           | 45               | 100               | 24,531             | 49,052              |
|----------------------------------------------------------------------------------------------------+------------------+-------------------+--------------------+---------------------|
| LibKeccak.0.8.25.default                                                                           | 44               | 94                | 24,532             | 49,058              |
|----------------------------------------------------------------------------------------------------+------------------+-------------------+--------------------+---------------------|
| LibPosition.0.8.15                                                                                 | 45               | 100               | 24,531             | 49,052              |
|----------------------------------------------------------------------------------------------------+------------------+-------------------+--------------------+---------------------|
| LibPosition.0.8.15.dispute                                                                         | 45               | 100               | 24,531             | 49,052              |
|----------------------------------------------------------------------------------------------------+------------------+-------------------+--------------------+---------------------|
| LibPosition.0.8.25                                                                                 | 44               | 94                | 24,532             | 49,058              |
|----------------------------------------------------------------------------------------------------+------------------+-------------------+--------------------+---------------------|
| LibSort.0.8.15                                                                                     | 45               | 100               | 24,531             | 49,052              |
|----------------------------------------------------------------------------------------------------+------------------+-------------------+--------------------+---------------------|
| LibSort.0.8.25                                                                                     | 44               | 94                | 24,532             | 49,058              |
|----------------------------------------------------------------------------------------------------+------------------+-------------------+--------------------+---------------------|
| LibString                                                                                          | 45               | 100               | 24,531             | 49,052              |
|----------------------------------------------------------------------------------------------------+------------------+-------------------+--------------------+---------------------|
| LibString.0.8.15.dispute                                                                           | 45               | 100               | 24,531             | 49,052              |
|----------------------------------------------------------------------------------------------------+------------------+-------------------+--------------------+---------------------|
| LibString.0.8.25.default                                                                           | 44               | 94                | 24,532             | 49,058              |
|----------------------------------------------------------------------------------------------------+------------------+-------------------+--------------------+---------------------|
| LibTimestamp.0.8.15                                                                                | 45               | 100               | 24,531             | 49,052              |
|----------------------------------------------------------------------------------------------------+------------------+-------------------+--------------------+---------------------|
| LibTimestamp.0.8.15.dispute                                                                        | 45               | 100               | 24,531             | 49,052              |
|----------------------------------------------------------------------------------------------------+------------------+-------------------+--------------------+---------------------|
| LibTimestamp.0.8.25                                                                                | 44               | 94                | 24,532             | 49,058              |
|----------------------------------------------------------------------------------------------------+------------------+-------------------+--------------------+---------------------|
| LibVMStatus.0.8.15                                                                                 | 45               | 100               | 24,531             | 49,052              |
|----------------------------------------------------------------------------------------------------+------------------+-------------------+--------------------+---------------------|
| LibVMStatus.0.8.15.dispute                                                                         | 45               | 100               | 24,531             | 49,052              |
|----------------------------------------------------------------------------------------------------+------------------+-------------------+--------------------+---------------------|
| LibVMStatus.0.8.25                                                                                 | 44               | 94                | 24,532             | 49,058              |
|----------------------------------------------------------------------------------------------------+------------------+-------------------+--------------------+---------------------|
| LibZip                                                                                             | 45               | 100               | 24,531             | 49,052              |
|----------------------------------------------------------------------------------------------------+------------------+-------------------+--------------------+---------------------|
| LivenessGuard                                                                                      | 4,950            | 5,745             | 19,626             | 43,407              |
|----------------------------------------------------------------------------------------------------+------------------+-------------------+--------------------+---------------------|
| LivenessGuard_WrappedGuard_Harness                                                                 | 4,996            | 5,793             | 19,580             | 43,359              |
|----------------------------------------------------------------------------------------------------+------------------+-------------------+--------------------+---------------------|
| LivenessModule                                                                                     | 6,368            | 7,537             | 18,208             | 41,615              |
|----------------------------------------------------------------------------------------------------+------------------+-------------------+--------------------+---------------------|
| LocalPreimageKey.0.8.15                                                                            | 45               | 100               | 24,531             | 49,052              |
|----------------------------------------------------------------------------------------------------+------------------+-------------------+--------------------+---------------------|
| LocalPreimageKey.0.8.15.dispute                                                                    | 45               | 100               | 24,531             | 49,052              |
|----------------------------------------------------------------------------------------------------+------------------+-------------------+--------------------+---------------------|
| LocalPreimageKey.0.8.25                                                                            | 44               | 94                | 24,532             | 49,058              |
|----------------------------------------------------------------------------------------------------+------------------+-------------------+--------------------+---------------------|
| MIPS64                                                                                             | 21,548           | 21,783            | 3,028              | 27,369              |
|----------------------------------------------------------------------------------------------------+------------------+-------------------+--------------------+---------------------|
| MIPS64Arch.0.8.15                                                                                  | 45               | 100               | 24,531             | 49,052              |
|----------------------------------------------------------------------------------------------------+------------------+-------------------+--------------------+---------------------|
| MIPS64Arch.0.8.25                                                                                  | 44               | 94                | 24,532             | 49,058              |
|----------------------------------------------------------------------------------------------------+------------------+-------------------+--------------------+---------------------|
| MIPS64Instructions.0.8.15                                                                          | 45               | 100               | 24,531             | 49,052              |
|----------------------------------------------------------------------------------------------------+------------------+-------------------+--------------------+---------------------|
| MIPS64Instructions.0.8.25                                                                          | 44               | 94                | 24,532             | 49,058              |
|----------------------------------------------------------------------------------------------------+------------------+-------------------+--------------------+---------------------|
| MIPS64Memory.0.8.15                                                                                | 45               | 100               | 24,531             | 49,052              |
|----------------------------------------------------------------------------------------------------+------------------+-------------------+--------------------+---------------------|
| MIPS64Memory.0.8.25                                                                                | 44               | 94                | 24,532             | 49,058              |
|----------------------------------------------------------------------------------------------------+------------------+-------------------+--------------------+---------------------|
| MIPS64MemoryWithCalldata                                                                           | 1,155            | 1,187             | 23,421             | 47,965              |
|----------------------------------------------------------------------------------------------------+------------------+-------------------+--------------------+---------------------|
| MIPS64State.0.8.15                                                                                 | 45               | 100               | 24,531             | 49,052              |
|----------------------------------------------------------------------------------------------------+------------------+-------------------+--------------------+---------------------|
| MIPS64State.0.8.25                                                                                 | 44               | 94                | 24,532             | 49,058              |
|----------------------------------------------------------------------------------------------------+------------------+-------------------+--------------------+---------------------|
| MIPS64Syscalls                                                                                     | 45               | 100               | 24,531             | 49,052              |
|----------------------------------------------------------------------------------------------------+------------------+-------------------+--------------------+---------------------|
| Math (lib/openzeppelin-contracts-v5/contracts/utils/math/Math.sol)                                 | 44               | 94                | 24,532             | 49,058              |
|----------------------------------------------------------------------------------------------------+------------------+-------------------+--------------------+---------------------|
| Math (lib/openzeppelin-contracts/contracts/utils/math/Math.sol)                                    | 44               | 94                | 24,532             | 49,058              |
|----------------------------------------------------------------------------------------------------+------------------+-------------------+--------------------+---------------------|
| Math.default                                                                                       | 45               | 100               | 24,531             | 49,052              |
|----------------------------------------------------------------------------------------------------+------------------+-------------------+--------------------+---------------------|
| Math.dispute                                                                                       | 45               | 100               | 24,531             | 49,052              |
|----------------------------------------------------------------------------------------------------+------------------+-------------------+--------------------+---------------------|
| MerkleTrie                                                                                         | 45               | 100               | 24,531             | 49,052              |
|----------------------------------------------------------------------------------------------------+------------------+-------------------+--------------------+---------------------|
| MerkleTrie.0.8.15.dispute                                                                          | 45               | 100               | 24,531             | 49,052              |
|----------------------------------------------------------------------------------------------------+------------------+-------------------+--------------------+---------------------|
| MerkleTrie.0.8.25                                                                                  | 44               | 94                | 24,532             | 49,058              |
|----------------------------------------------------------------------------------------------------+------------------+-------------------+--------------------+---------------------|
| MerkleTrie_Harness                                                                                 | 7,013            | 7,045             | 17,563             | 42,107              |
|----------------------------------------------------------------------------------------------------+------------------+-------------------+--------------------+---------------------|
| MessageHashUtils                                                                                   | 44               | 94                | 24,532             | 49,058              |
|----------------------------------------------------------------------------------------------------+------------------+-------------------+--------------------+---------------------|
| MeterUser                                                                                          | 6,051            | 6,989             | 18,525             | 42,163              |
|----------------------------------------------------------------------------------------------------+------------------+-------------------+--------------------+---------------------|
| MintManager                                                                                        | 2,215            | 2,723             | 22,361             | 46,429              |
|----------------------------------------------------------------------------------------------------+------------------+-------------------+--------------------+---------------------|
| MockL2ToL2CrossDomainMessenger                                                                     | 4,656            | 4,684             | 19,920             | 44,468              |
|----------------------------------------------------------------------------------------------------+------------------+-------------------+--------------------+---------------------|
| MockOPCM (test/opcm/InteropMigration.t.sol)                                                        | 1,221            | 1,253             | 23,355             | 47,899              |
|----------------------------------------------------------------------------------------------------+------------------+-------------------+--------------------+---------------------|
| MockOPCM (test/opcm/UpgradeOPChain.t.sol)                                                          | 747              | 779               | 23,829             | 48,373              |
|----------------------------------------------------------------------------------------------------+------------------+-------------------+--------------------+---------------------|
| MockSuperchainERC20Implementation                                                                  | 3,088            | 3,116             | 21,488             | 46,036              |
|----------------------------------------------------------------------------------------------------+------------------+-------------------+--------------------+---------------------|
| ModernMockContract                                                                                 | 1,999            | 2,027             | 22,577             | 47,125              |
|----------------------------------------------------------------------------------------------------+------------------+-------------------+--------------------+---------------------|
| ModuleManager.0.8.15                                                                               | 3,083            | 3,115             | 21,493             | 46,037              |
|----------------------------------------------------------------------------------------------------+------------------+-------------------+--------------------+---------------------|
| ModuleManager.0.8.25                                                                               | 3,006            | 3,034             | 21,570             | 46,118              |
|----------------------------------------------------------------------------------------------------+------------------+-------------------+--------------------+---------------------|
| NextImpl                                                                                           | 546              | 578               | 24,030             | 48,574              |
|----------------------------------------------------------------------------------------------------+------------------+-------------------+--------------------+---------------------|
| OPContractsManager                                                                                 | 8,773            | 10,011            | 15,803             | 39,141              |
|----------------------------------------------------------------------------------------------------+------------------+-------------------+--------------------+---------------------|
| OPContractsManagerContractsContainer                                                               | 1,071            | 2,061             | 23,505             | 47,091              |
|----------------------------------------------------------------------------------------------------+------------------+-------------------+--------------------+---------------------|
| OPContractsManagerDeployer                                                                         | 14,791           | 14,973            | 9,785              | 34,179              |
|----------------------------------------------------------------------------------------------------+------------------+-------------------+--------------------+---------------------|
| OPContractsManagerGameTypeAdder                                                                    | 13,597           | 13,779            | 10,979             | 35,373              |
|----------------------------------------------------------------------------------------------------+------------------+-------------------+--------------------+---------------------|
| OPContractsManagerInteropMigrator                                                                  | 12,804           | 12,986            | 11,772             | 36,166              |
|----------------------------------------------------------------------------------------------------+------------------+-------------------+--------------------+---------------------|
| OPContractsManagerStandardValidator                                                                | 20,464           | 21,242            | 4,112              | 27,910              |
|----------------------------------------------------------------------------------------------------+------------------+-------------------+--------------------+---------------------|
| OPContractsManagerUpgrader                                                                         | 13,103           | 13,285            | 11,473             | 35,867              |
|----------------------------------------------------------------------------------------------------+------------------+-------------------+--------------------+---------------------|
| OPContractsManager_Harness                                                                         | 8,814            | 10,090            | 15,762             | 39,062              |
|----------------------------------------------------------------------------------------------------+------------------+-------------------+--------------------+---------------------|
| OperatorFeeVault                                                                                   | 2,031            | 2,198             | 22,545             | 46,954              |
|----------------------------------------------------------------------------------------------------+------------------+-------------------+--------------------+---------------------|
| OptimismMintableERC20                                                                              | 7,223            | 8,416             | 17,353             | 40,736              |
|----------------------------------------------------------------------------------------------------+------------------+-------------------+--------------------+---------------------|
| OptimismMintableERC20Factory                                                                       | 10,880           | 11,117            | 13,696             | 38,035              |
|----------------------------------------------------------------------------------------------------+------------------+-------------------+--------------------+---------------------|
| OptimismMintableERC721                                                                             | 10,201           | 12,735            | 14,375             | 36,417              |
|----------------------------------------------------------------------------------------------------+------------------+-------------------+--------------------+---------------------|
| OptimismMintableERC721Factory                                                                      | 14,554           | 14,746            | 10,022             | 34,406              |
|----------------------------------------------------------------------------------------------------+------------------+-------------------+--------------------+---------------------|
| OptimismPortal2                                                                                    | 22,636           | 22,994            | 1,940              | 26,158              |
|----------------------------------------------------------------------------------------------------+------------------+-------------------+--------------------+---------------------|
| OptimismPortal2Kontrol                                                                             | 3,834            | 3,866             | 20,742             | 45,286              |
|----------------------------------------------------------------------------------------------------+------------------+-------------------+--------------------+---------------------|
| OptimismPortal2_Depositor                                                                          | 3,437            | 4,168             | 21,139             | 44,984              |
|----------------------------------------------------------------------------------------------------+------------------+-------------------+--------------------+---------------------|
| OptimismSuperchainERC20                                                                            | 5,562            | 5,776             | 19,014             | 43,376              |
|----------------------------------------------------------------------------------------------------+------------------+-------------------+--------------------+---------------------|
| OptimismSuperchainERC20Beacon                                                                      | 303              | 335               | 24,273             | 48,817              |
|----------------------------------------------------------------------------------------------------+------------------+-------------------+--------------------+---------------------|
| OptimismSuperchainERC20Factory                                                                     | 3,727            | 3,755             | 20,849             | 45,397              |
|----------------------------------------------------------------------------------------------------+------------------+-------------------+--------------------+---------------------|
| OptimismSuperchainERC20ForToBProperties                                                            | 5,581            | 5,795             | 18,995             | 43,357              |
|----------------------------------------------------------------------------------------------------+------------------+-------------------+--------------------+---------------------|
| OptimismSuperchainERC20Handler                                                                     | 12,664           | 26,892            | 11,912             | 22,260              |
|----------------------------------------------------------------------------------------------------+------------------+-------------------+--------------------+---------------------|
| OracleMock                                                                                         | 2,162            | 2,190             | 22,414             | 46,962              |
|----------------------------------------------------------------------------------------------------+------------------+-------------------+--------------------+---------------------|
| OutputModeUtils.0.8.15.default                                                                     | 45               | 100               | 24,531             | 49,052              |
|----------------------------------------------------------------------------------------------------+------------------+-------------------+--------------------+---------------------|
| OutputModeUtils.0.8.15.dispute                                                                     | 45               | 100               | 24,531             | 49,052              |
|----------------------------------------------------------------------------------------------------+------------------+-------------------+--------------------+---------------------|
| OutputModeUtils.0.8.19.default                                                                     | 45               | 100               | 24,531             | 49,052              |
|----------------------------------------------------------------------------------------------------+------------------+-------------------+--------------------+---------------------|
| OutputModeUtils.0.8.25.default                                                                     | 44               | 94                | 24,532             | 49,058              |
|----------------------------------------------------------------------------------------------------+------------------+-------------------+--------------------+---------------------|
| OwnerManager.0.8.15                                                                                | 3,846            | 3,878             | 20,730             | 45,274              |
|----------------------------------------------------------------------------------------------------+------------------+-------------------+--------------------+---------------------|
| OwnerManager.0.8.25                                                                                | 3,804            | 3,832             | 20,772             | 45,320              |
|----------------------------------------------------------------------------------------------------+------------------+-------------------+--------------------+---------------------|
| OwnerSimulator.0.8.15                                                                              | 4,023            | 5,027             | 20,553             | 44,125              |
|----------------------------------------------------------------------------------------------------+------------------+-------------------+--------------------+---------------------|
| OwnerSimulator.0.8.25                                                                              | 3,976            | 4,868             | 20,600             | 44,284              |
|----------------------------------------------------------------------------------------------------+------------------+-------------------+--------------------+---------------------|
| PermissionedDisputeGame                                                                            | 24,241           | 26,491            | 335                | 22,661              |
|----------------------------------------------------------------------------------------------------+------------------+-------------------+--------------------+---------------------|
| PermissionedDisputeGameMock                                                                        | 2,682            | 2,710             | 21,894             | 46,442              |
|----------------------------------------------------------------------------------------------------+------------------+-------------------+--------------------+---------------------|
| PermissionlessDisputeGameMock                                                                      | 2,030            | 2,058             | 22,546             | 47,094              |
|----------------------------------------------------------------------------------------------------+------------------+-------------------+--------------------+---------------------|
| Predeploys.0.8.15                                                                                  | 45               | 100               | 24,531             | 49,052              |
|----------------------------------------------------------------------------------------------------+------------------+-------------------+--------------------+---------------------|
| Predeploys.0.8.15.dispute                                                                          | 45               | 100               | 24,531             | 49,052              |
|----------------------------------------------------------------------------------------------------+------------------+-------------------+--------------------+---------------------|
| Predeploys.0.8.19                                                                                  | 45               | 100               | 24,531             | 49,052              |
|----------------------------------------------------------------------------------------------------+------------------+-------------------+--------------------+---------------------|
| Predeploys.0.8.25                                                                                  | 44               | 94                | 24,532             | 49,058              |
|----------------------------------------------------------------------------------------------------+------------------+-------------------+--------------------+---------------------|
| PreimageKeyLib                                                                                     | 45               | 100               | 24,531             | 49,052              |
|----------------------------------------------------------------------------------------------------+------------------+-------------------+--------------------+---------------------|
| PreimageOracle                                                                                     | 14,260           | 14,828            | 10,316             | 34,324              |
|----------------------------------------------------------------------------------------------------+------------------+-------------------+--------------------+---------------------|
| Preinstalls                                                                                        | 45               | 100               | 24,531             | 49,052              |
|----------------------------------------------------------------------------------------------------+------------------+-------------------+--------------------+---------------------|
| Preinstalls.0.8.15                                                                                 | 45               | 100               | 24,531             | 49,052              |
|----------------------------------------------------------------------------------------------------+------------------+-------------------+--------------------+---------------------|
| Preinstalls.0.8.25                                                                                 | 44               | 94                | 24,532             | 49,058              |
|----------------------------------------------------------------------------------------------------+------------------+-------------------+--------------------+---------------------|
| Process                                                                                            | 45               | 100               | 24,531             | 49,052              |
|----------------------------------------------------------------------------------------------------+------------------+-------------------+--------------------+---------------------|
| Process.0.8.15.dispute                                                                             | 45               | 100               | 24,531             | 49,052              |
|----------------------------------------------------------------------------------------------------+------------------+-------------------+--------------------+---------------------|
| Process.0.8.25                                                                                     | 44               | 94                | 24,532             | 49,058              |
|----------------------------------------------------------------------------------------------------+------------------+-------------------+--------------------+---------------------|
| ProtocolGuided                                                                                     | 9,985            | 24,213            | 14,591             | 24,939              |
|----------------------------------------------------------------------------------------------------+------------------+-------------------+--------------------+---------------------|
| ProtocolHandler                                                                                    | 4,355            | 18,583            | 20,221             | 30,569              |
|----------------------------------------------------------------------------------------------------+------------------+-------------------+--------------------+---------------------|
| ProtocolUnguided                                                                                   | 7,712            | 21,940            | 16,864             | 27,212              |
|----------------------------------------------------------------------------------------------------+------------------+-------------------+--------------------+---------------------|
| ProtocolVersions                                                                                   | 2,563            | 2,800             | 22,013             | 46,352              |
|----------------------------------------------------------------------------------------------------+------------------+-------------------+--------------------+---------------------|
| Proxy (src/universal/Proxy.sol)                                                                    | 2,059            | 2,335             | 22,517             | 46,817              |
|----------------------------------------------------------------------------------------------------+------------------+-------------------+--------------------+---------------------|
| ProxyAdmin                                                                                         | 6,524            | 6,751             | 18,052             | 42,401              |
|----------------------------------------------------------------------------------------------------+------------------+-------------------+--------------------+---------------------|
| ProxyAdminMock                                                                                     | 126              | 259               | 24,450             | 48,893              |
|----------------------------------------------------------------------------------------------------+------------------+-------------------+--------------------+---------------------|
| ProxyAdminOwnedBase_Harness                                                                        | 3,011            | 3,043             | 21,565             | 46,109              |
|----------------------------------------------------------------------------------------------------+------------------+-------------------+--------------------+---------------------|
| Proxy_Clasher_Harness                                                                              | 236              | 267               | 24,340             | 48,885              |
|----------------------------------------------------------------------------------------------------+------------------+-------------------+--------------------+---------------------|
| Proxy_SimpleStorage_Harness                                                                        | 191              | 222               | 24,385             | 48,930              |
|----------------------------------------------------------------------------------------------------+------------------+-------------------+--------------------+---------------------|
| RAT (src/L1/RAT.sol)                                                                               | 7,754            | 8,019             | 16,822             | 41,133              |
|----------------------------------------------------------------------------------------------------+------------------+-------------------+--------------------+---------------------|
| RISCV                                                                                              | 8,754            | 8,888             | 15,822             | 40,264              |
|----------------------------------------------------------------------------------------------------+------------------+-------------------+--------------------+---------------------|
| RLPReader                                                                                          | 45               | 100               | 24,531             | 49,052              |
|----------------------------------------------------------------------------------------------------+------------------+-------------------+--------------------+---------------------|
| RLPReader.0.8.15.dispute                                                                           | 45               | 100               | 24,531             | 49,052              |
|----------------------------------------------------------------------------------------------------+------------------+-------------------+--------------------+---------------------|
| RLPReader.0.8.25                                                                                   | 44               | 94                | 24,532             | 49,058              |
|----------------------------------------------------------------------------------------------------+------------------+-------------------+--------------------+---------------------|
| RLPWriter.0.8.15                                                                                   | 45               | 100               | 24,531             | 49,052              |
|----------------------------------------------------------------------------------------------------+------------------+-------------------+--------------------+---------------------|
| RLPWriter.0.8.15.dispute                                                                           | 45               | 100               | 24,531             | 49,052              |
|----------------------------------------------------------------------------------------------------+------------------+-------------------+--------------------+---------------------|
| RLPWriter.0.8.25                                                                                   | 44               | 94                | 24,532             | 49,058              |
|----------------------------------------------------------------------------------------------------+------------------+-------------------+--------------------+---------------------|
| RandomClaimActor                                                                                   | 2,732            | 2,948             | 21,844             | 46,204              |
|----------------------------------------------------------------------------------------------------+------------------+-------------------+--------------------+---------------------|
| ReadImplementationAddressesInput                                                                   | 6,506            | 6,538             | 18,070             | 42,614              |
|----------------------------------------------------------------------------------------------------+------------------+-------------------+--------------------+---------------------|
| ReadImplementationAddressesOutput                                                                  | 4,635            | 4,667             | 19,941             | 44,485              |
|----------------------------------------------------------------------------------------------------+------------------+-------------------+--------------------+---------------------|
| ReinitializableBase_Harness                                                                        | 113              | 275               | 24,463             | 48,877              |
|----------------------------------------------------------------------------------------------------+------------------+-------------------+--------------------+---------------------|
| RelayActor                                                                                         | 8,946            | 13,700            | 15,630             | 35,452              |
|----------------------------------------------------------------------------------------------------+------------------+-------------------+--------------------+---------------------|
| ResolvedDelegateProxy                                                                              | 799              | 1,520             | 23,777             | 47,632              |
|----------------------------------------------------------------------------------------------------+------------------+-------------------+--------------------+---------------------|
| ResolvedDelegateProxy_SimpleImplementation_Harness                                                 | 234              | 265               | 24,342             | 48,887              |
|----------------------------------------------------------------------------------------------------+------------------+-------------------+--------------------+---------------------|
| ResourceMetering_User                                                                              | 6,539            | 7,101             | 18,037             | 42,051              |
|----------------------------------------------------------------------------------------------------+------------------+-------------------+--------------------+---------------------|
| Reverter (test/mocks/Callers.sol)                                                                  | 168              | 198               | 24,408             | 48,954              |
|----------------------------------------------------------------------------------------------------+------------------+-------------------+--------------------+---------------------|
| SafeCall.0.8.15                                                                                    | 45               | 100               | 24,531             | 49,052              |
|----------------------------------------------------------------------------------------------------+------------------+-------------------+--------------------+---------------------|
| SafeCall.0.8.15.dispute                                                                            | 45               | 100               | 24,531             | 49,052              |
|----------------------------------------------------------------------------------------------------+------------------+-------------------+--------------------+---------------------|
| SafeCall.0.8.25                                                                                    | 44               | 94                | 24,532             | 49,058              |
|----------------------------------------------------------------------------------------------------+------------------+-------------------+--------------------+---------------------|
| SafeCaller_Actor                                                                                   | 2,515            | 2,721             | 22,061             | 46,431              |
|----------------------------------------------------------------------------------------------------+------------------+-------------------+--------------------+---------------------|
| SafeCast (lib/openzeppelin-contracts/contracts/utils/math/SafeCast.sol)                            | 45               | 100               | 24,531             | 49,052              |
|----------------------------------------------------------------------------------------------------+------------------+-------------------+--------------------+---------------------|
| SafeERC20                                                                                          | 45               | 100               | 24,531             | 49,052              |
|----------------------------------------------------------------------------------------------------+------------------+-------------------+--------------------+---------------------|
| SafeSend.0.8.15                                                                                    | 22               | 89                | 24,554             | 49,063              |
|----------------------------------------------------------------------------------------------------+------------------+-------------------+--------------------+---------------------|
| SafeSend.0.8.25                                                                                    | 21               | 86                | 24,555             | 49,066              |
|----------------------------------------------------------------------------------------------------+------------------+-------------------+--------------------+---------------------|
| SafeSigners.0.8.15                                                                                 | 45               | 100               | 24,531             | 49,052              |
|----------------------------------------------------------------------------------------------------+------------------+-------------------+--------------------+---------------------|
| SafeSigners.0.8.25                                                                                 | 44               | 94                | 24,532             | 49,058              |
|----------------------------------------------------------------------------------------------------+------------------+-------------------+--------------------+---------------------|
| SafeTestLib.0.8.15                                                                                 | 45               | 100               | 24,531             | 49,052              |
|----------------------------------------------------------------------------------------------------+------------------+-------------------+--------------------+---------------------|
| SafeTestLib.0.8.25                                                                                 | 44               | 94                | 24,532             | 49,058              |
|----------------------------------------------------------------------------------------------------+------------------+-------------------+--------------------+---------------------|
| SafeTestTools.0.8.15                                                                               | 8,636            | 32,771            | 15,940             | 16,381              |
|----------------------------------------------------------------------------------------------------+------------------+-------------------+--------------------+---------------------|
| SafeTestTools.0.8.25                                                                               | 8,363            | 31,822            | 16,213             | 17,330              |
|----------------------------------------------------------------------------------------------------+------------------+-------------------+--------------------+---------------------|
| SchemaRegistry                                                                                     | 2,046            | 2,078             | 22,530             | 47,074              |
|----------------------------------------------------------------------------------------------------+------------------+-------------------+--------------------+---------------------|
| SecureMerkleTrie.0.8.15.dispute                                                                    | 45               | 100               | 24,531             | 49,052              |
|----------------------------------------------------------------------------------------------------+------------------+-------------------+--------------------+---------------------|
| SecureMerkleTrie.0.8.25                                                                            | 44               | 94                | 24,532             | 49,058              |
|----------------------------------------------------------------------------------------------------+------------------+-------------------+--------------------+---------------------|
| SecuredTokenTransfer.0.8.15                                                                        | 22               | 51                | 24,554             | 49,101              |
|----------------------------------------------------------------------------------------------------+------------------+-------------------+--------------------+---------------------|
| SecuredTokenTransfer.0.8.25                                                                        | 21               | 47                | 24,555             | 49,105              |
|----------------------------------------------------------------------------------------------------+------------------+-------------------+--------------------+---------------------|
| SelfAuthorized.0.8.15                                                                              | 22               | 51                | 24,554             | 49,101              |
|----------------------------------------------------------------------------------------------------+------------------+-------------------+--------------------+---------------------|
| SelfAuthorized.0.8.25                                                                              | 21               | 47                | 24,555             | 49,105              |
|----------------------------------------------------------------------------------------------------+------------------+-------------------+--------------------+---------------------|
| SequencerFeeVault                                                                                  | 2,058            | 2,400             | 22,518             | 46,752              |
|----------------------------------------------------------------------------------------------------+------------------+-------------------+--------------------+---------------------|
| SetDisputeGameImplInput                                                                            | 1,689            | 1,721             | 22,887             | 47,431              |
|----------------------------------------------------------------------------------------------------+------------------+-------------------+--------------------+---------------------|
| ShortStrings                                                                                       | 44               | 94                | 24,532             | 49,058              |
|----------------------------------------------------------------------------------------------------+------------------+-------------------+--------------------+---------------------|
| SignMessageLib.0.8.15                                                                              | 1,063            | 1,095             | 23,513             | 48,057              |
|----------------------------------------------------------------------------------------------------+------------------+-------------------+--------------------+---------------------|
| SignMessageLib.0.8.25                                                                              | 1,037            | 1,065             | 23,539             | 48,087              |
|----------------------------------------------------------------------------------------------------+------------------+-------------------+--------------------+---------------------|
| SignatureChecker.0.8.15                                                                            | 45               | 100               | 24,531             | 49,052              |
|----------------------------------------------------------------------------------------------------+------------------+-------------------+--------------------+---------------------|
| SignatureChecker.0.8.19                                                                            | 45               | 100               | 24,531             | 49,052              |
|----------------------------------------------------------------------------------------------------+------------------+-------------------+--------------------+---------------------|
| SignatureDecoder.0.8.15                                                                            | 22               | 51                | 24,554             | 49,101              |
|----------------------------------------------------------------------------------------------------+------------------+-------------------+--------------------+---------------------|
| SignatureDecoder.0.8.25                                                                            | 21               | 47                | 24,555             | 49,105              |
|----------------------------------------------------------------------------------------------------+------------------+-------------------+--------------------+---------------------|
| SignedMath                                                                                         | 44               | 94                | 24,532             | 49,058              |
|----------------------------------------------------------------------------------------------------+------------------+-------------------+--------------------+---------------------|
| SignedMath.0.8.15.default                                                                          | 45               | 100               | 24,531             | 49,052              |
|----------------------------------------------------------------------------------------------------+------------------+-------------------+--------------------+---------------------|
| SignedMath.0.8.15.dispute                                                                          | 45               | 100               | 24,531             | 49,052              |
|----------------------------------------------------------------------------------------------------+------------------+-------------------+--------------------+---------------------|
| SignedMath.0.8.25.default                                                                          | 44               | 94                | 24,532             | 49,058              |
|----------------------------------------------------------------------------------------------------+------------------+-------------------+--------------------+---------------------|
| SimpleSafeCaller                                                                                   | 779              | 811               | 23,797             | 48,341              |
|----------------------------------------------------------------------------------------------------+------------------+-------------------+--------------------+---------------------|
| SimpleStorage.0.8.15                                                                               | 254              | 285               | 24,322             | 48,867              |
|----------------------------------------------------------------------------------------------------+------------------+-------------------+--------------------+---------------------|
| SimpleStorage.0.8.25                                                                               | 243              | 270               | 24,333             | 48,882              |
|----------------------------------------------------------------------------------------------------+------------------+-------------------+--------------------+---------------------|
| Singleton.0.8.15                                                                                   | 22               | 51                | 24,554             | 49,101              |
|----------------------------------------------------------------------------------------------------+------------------+-------------------+--------------------+---------------------|
| Singleton.0.8.25                                                                                   | 21               | 47                | 24,555             | 49,105              |
|----------------------------------------------------------------------------------------------------+------------------+-------------------+--------------------+---------------------|
| Solarray                                                                                           | 45               | 100               | 24,531             | 49,052              |
|----------------------------------------------------------------------------------------------------+------------------+-------------------+--------------------+---------------------|
| Solarray.0.8.15.dispute                                                                            | 45               | 100               | 24,531             | 49,052              |
|----------------------------------------------------------------------------------------------------+------------------+-------------------+--------------------+---------------------|
| Solarray.0.8.25                                                                                    | 44               | 94                | 24,532             | 49,058              |
|----------------------------------------------------------------------------------------------------+------------------+-------------------+--------------------+---------------------|
| Sort.0.8.15                                                                                        | 45               | 100               | 24,531             | 49,052              |
|----------------------------------------------------------------------------------------------------+------------------+-------------------+--------------------+---------------------|
| Sort.0.8.25                                                                                        | 44               | 94                | 24,532             | 49,058              |
|----------------------------------------------------------------------------------------------------+------------------+-------------------+--------------------+---------------------|
| StandardBridgeTester                                                                               | 8,767            | 8,799             | 15,809             | 40,353              |
|----------------------------------------------------------------------------------------------------+------------------+-------------------+--------------------+---------------------|
| StandardConstants (scripts/deploy/StandardConstants.sol)                                           | 94               | 150               | 24,482             | 49,002              |
|----------------------------------------------------------------------------------------------------+------------------+-------------------+--------------------+---------------------|
| StateDiff (scripts/libraries/StateDiff.sol)                                                        | 45               | 100               | 24,531             | 49,052              |
|----------------------------------------------------------------------------------------------------+------------------+-------------------+--------------------+---------------------|
| StaticConfig (src/libraries/StaticConfig.sol)                                                      | 44               | 94                | 24,532             | 49,058              |
|----------------------------------------------------------------------------------------------------+------------------+-------------------+--------------------+---------------------|
| Storage.0.8.15                                                                                     | 45               | 100               | 24,531             | 49,052              |
|----------------------------------------------------------------------------------------------------+------------------+-------------------+--------------------+---------------------|
| Storage.0.8.15.dispute                                                                             | 45               | 100               | 24,531             | 49,052              |
|----------------------------------------------------------------------------------------------------+------------------+-------------------+--------------------+---------------------|
| Storage.0.8.25                                                                                     | 44               | 94                | 24,532             | 49,058              |
|----------------------------------------------------------------------------------------------------+------------------+-------------------+--------------------+---------------------|
| StorageAccessible.0.8.15                                                                           | 914              | 946               | 23,662             | 48,206              |
|----------------------------------------------------------------------------------------------------+------------------+-------------------+--------------------+---------------------|
| StorageAccessible.0.8.25                                                                           | 750              | 778               | 23,826             | 48,374              |
|----------------------------------------------------------------------------------------------------+------------------+-------------------+--------------------+---------------------|
| StorageSetter                                                                                      | 1,130            | 1,162             | 23,446             | 47,990              |
|----------------------------------------------------------------------------------------------------+------------------+-------------------+--------------------+---------------------|
| StorageSlot                                                                                        | 44               | 94                | 24,532             | 49,058              |
|----------------------------------------------------------------------------------------------------+------------------+-------------------+--------------------+---------------------|
| Strings (lib/openzeppelin-contracts-v5/contracts/utils/Strings.sol)                                | 44               | 94                | 24,532             | 49,058              |
|----------------------------------------------------------------------------------------------------+------------------+-------------------+--------------------+---------------------|
| Strings (lib/openzeppelin-contracts/contracts/utils/Strings.sol)                                   | 44               | 94                | 24,532             | 49,058              |
|----------------------------------------------------------------------------------------------------+------------------+-------------------+--------------------+---------------------|
| Strings.0.8.15.default                                                                             | 45               | 100               | 24,531             | 49,052              |
|----------------------------------------------------------------------------------------------------+------------------+-------------------+--------------------+---------------------|
| Strings.0.8.15.dispute                                                                             | 45               | 100               | 24,531             | 49,052              |
|----------------------------------------------------------------------------------------------------+------------------+-------------------+--------------------+---------------------|
| Strings.0.8.19.default                                                                             | 45               | 100               | 24,531             | 49,052              |
|----------------------------------------------------------------------------------------------------+------------------+-------------------+--------------------+---------------------|
| StringsUpgradeable                                                                                 | 45               | 100               | 24,531             | 49,052              |
|----------------------------------------------------------------------------------------------------+------------------+-------------------+--------------------+---------------------|
| SuperFaultDisputeGame                                                                              | 21,867           | 23,980            | 2,709              | 25,172              |
|----------------------------------------------------------------------------------------------------+------------------+-------------------+--------------------+---------------------|
| SuperPermissionedDisputeGame                                                                       | 22,494           | 24,739            | 2,082              | 24,413              |
|----------------------------------------------------------------------------------------------------+------------------+-------------------+--------------------+---------------------|
| SuperchainConfig                                                                                   | 3,644            | 3,912             | 20,932             | 45,240              |
|----------------------------------------------------------------------------------------------------+------------------+-------------------+--------------------+---------------------|
| SuperchainETHBridge                                                                                | 1,931            | 1,963             | 22,645             | 47,189              |
|----------------------------------------------------------------------------------------------------+------------------+-------------------+--------------------+---------------------|
| SuperchainTokenBridge                                                                              | 2,093            | 2,121             | 22,483             | 47,031              |
|----------------------------------------------------------------------------------------------------+------------------+-------------------+--------------------+---------------------|
| SystemConfig                                                                                       | 11,410           | 11,799            | 13,166             | 37,353              |
|----------------------------------------------------------------------------------------------------+------------------+-------------------+--------------------+---------------------|
| TestERC1271Wallet                                                                                  | 2,111            | 2,535             | 22,465             | 46,617              |
|----------------------------------------------------------------------------------------------------+------------------+-------------------+--------------------+---------------------|
| TestERC20.0.8.15                                                                                   | 3,352            | 4,195             | 21,224             | 44,957              |
|----------------------------------------------------------------------------------------------------+------------------+-------------------+--------------------+---------------------|
| TestERC20.0.8.25                                                                                   | 3,261            | 4,046             | 21,315             | 45,106              |
|----------------------------------------------------------------------------------------------------+------------------+-------------------+--------------------+---------------------|
| TestERC721.0.8.15                                                                                  | 4,560            | 5,061             | 20,016             | 44,091              |
|----------------------------------------------------------------------------------------------------+------------------+-------------------+--------------------+---------------------|
| TestERC721.0.8.25                                                                                  | 4,464            | 4,928             | 20,112             | 44,224              |
|----------------------------------------------------------------------------------------------------+------------------+-------------------+--------------------+---------------------|
| Transactor.0.8.15                                                                                  | 1,624            | 1,813             | 22,952             | 47,339              |
|----------------------------------------------------------------------------------------------------+------------------+-------------------+--------------------+---------------------|
| Transactor.0.8.25                                                                                  | 1,541            | 1,717             | 23,035             | 47,435              |
|----------------------------------------------------------------------------------------------------+------------------+-------------------+--------------------+---------------------|
| TransferOnion                                                                                      | 2,388            | 2,609             | 22,188             | 46,543              |
|----------------------------------------------------------------------------------------------------+------------------+-------------------+--------------------+---------------------|
| TransientContext                                                                                   | 44               | 94                | 24,532             | 49,058              |
|----------------------------------------------------------------------------------------------------+------------------+-------------------+--------------------+---------------------|
| TransientReentrancyAware                                                                           | 21               | 47                | 24,555             | 49,105              |
|----------------------------------------------------------------------------------------------------+------------------+-------------------+--------------------+---------------------|
| Types                                                                                              | 45               | 100               | 24,531             | 49,052              |
|----------------------------------------------------------------------------------------------------+------------------+-------------------+--------------------+---------------------|
| Types.0.8.15                                                                                       | 45               | 100               | 24,531             | 49,052              |
|----------------------------------------------------------------------------------------------------+------------------+-------------------+--------------------+---------------------|
| Types.0.8.15.dispute (scripts/libraries/Types.sol)                                                 | 45               | 100               | 24,531             | 49,052              |
|----------------------------------------------------------------------------------------------------+------------------+-------------------+--------------------+---------------------|
| Types.0.8.15.dispute (src/libraries/Types.sol)                                                     | 45               | 100               | 24,531             | 49,052              |
|----------------------------------------------------------------------------------------------------+------------------+-------------------+--------------------+---------------------|
| Types.0.8.25 (scripts/libraries/Types.sol)                                                         | 44               | 94                | 24,532             | 49,058              |
|----------------------------------------------------------------------------------------------------+------------------+-------------------+--------------------+---------------------|
| Types.0.8.25 (src/libraries/Types.sol)                                                             | 44               | 94                | 24,532             | 49,058              |
|----------------------------------------------------------------------------------------------------+------------------+-------------------+--------------------+---------------------|
| UpgradeOPChainInput                                                                                | 2,670            | 2,702             | 21,906             | 46,450              |
|----------------------------------------------------------------------------------------------------+------------------+-------------------+--------------------+---------------------|
| VMStatuses.0.8.15                                                                                  | 45               | 100               | 24,531             | 49,052              |
|----------------------------------------------------------------------------------------------------+------------------+-------------------+--------------------+---------------------|
| VMStatuses.0.8.15.dispute                                                                          | 45               | 100               | 24,531             | 49,052              |
|----------------------------------------------------------------------------------------------------+------------------+-------------------+--------------------+---------------------|
| VMStatuses.0.8.25                                                                                  | 44               | 94                | 24,532             | 49,058              |
|----------------------------------------------------------------------------------------------------+------------------+-------------------+--------------------+---------------------|
| WETH                                                                                               | 2,846            | 2,878             | 21,730             | 46,274              |
|----------------------------------------------------------------------------------------------------+------------------+-------------------+--------------------+---------------------|
| WETH98                                                                                             | 2,068            | 2,100             | 22,508             | 47,052              |
|----------------------------------------------------------------------------------------------------+------------------+-------------------+--------------------+---------------------|
| WithNoExternalUpgradeFunction                                                                      | 155              | 181               | 24,421             | 48,971              |
|----------------------------------------------------------------------------------------------------+------------------+-------------------+--------------------+---------------------|
| WithNoExternalUpgradeFunctionInternal                                                              | 433              | 461               | 24,143             | 48,691              |
|----------------------------------------------------------------------------------------------------+------------------+-------------------+--------------------+---------------------|
| WithTryStatement                                                                                   | 151              | 177               | 24,425             | 48,975              |
|----------------------------------------------------------------------------------------------------+------------------+-------------------+--------------------+---------------------|
| WithinBlockStatement                                                                               | 155              | 181               | 24,421             | 48,971              |
|----------------------------------------------------------------------------------------------------+------------------+-------------------+--------------------+---------------------|
| WithinBlockStatementInternal                                                                       | 433              | 461               | 24,143             | 48,691              |
|----------------------------------------------------------------------------------------------------+------------------+-------------------+--------------------+---------------------|
| WithinCatchBlockOfTryCatchStatement                                                                | 269              | 297               | 24,307             | 48,855              |
|----------------------------------------------------------------------------------------------------+------------------+-------------------+--------------------+---------------------|
| WithinCatchBlockOfTryCatchStatementInternal                                                        | 539              | 567               | 24,037             | 48,585              |
|----------------------------------------------------------------------------------------------------+------------------+-------------------+--------------------+---------------------|
| WithinDoWhileLoop                                                                                  | 160              | 186               | 24,416             | 48,966              |
|----------------------------------------------------------------------------------------------------+------------------+-------------------+--------------------+---------------------|
| WithinDoWhileLoopInternal                                                                          | 436              | 464               | 24,140             | 48,688              |
|----------------------------------------------------------------------------------------------------+------------------+-------------------+--------------------+---------------------|
| WithinElseIfBlockOfIfStatement                                                                     | 207              | 233               | 24,369             | 48,919              |
|----------------------------------------------------------------------------------------------------+------------------+-------------------+--------------------+---------------------|
| WithinElseIfBlockOfIfStatementInternal                                                             | 490              | 518               | 24,086             | 48,634              |
|----------------------------------------------------------------------------------------------------+------------------+-------------------+--------------------+---------------------|
| WithinFalseBlockOfFalseBlockOfNestedTernaryStatement                                               | 293              | 321               | 24,283             | 48,831              |
|----------------------------------------------------------------------------------------------------+------------------+-------------------+--------------------+---------------------|
| WithinFalseBlockOfFalseBlockOfNestedTernaryStatementInternal                                       | 589              | 617               | 23,987             | 48,535              |
|----------------------------------------------------------------------------------------------------+------------------+-------------------+--------------------+---------------------|
| WithinFalseBlockOfIfStatement                                                                      | 199              | 225               | 24,377             | 48,927              |
|----------------------------------------------------------------------------------------------------+------------------+-------------------+--------------------+---------------------|
| WithinFalseBlockOfIfStatementInternal                                                              | 481              | 509               | 24,095             | 48,643              |
|----------------------------------------------------------------------------------------------------+------------------+-------------------+--------------------+---------------------|
| WithinFalseBlockOfTernaryStatement                                                                 | 285              | 313               | 24,291             | 48,839              |
|----------------------------------------------------------------------------------------------------+------------------+-------------------+--------------------+---------------------|
| WithinFalseBlockOfTernaryStatementInternal                                                         | 581              | 609               | 23,995             | 48,543              |
|----------------------------------------------------------------------------------------------------+------------------+-------------------+--------------------+---------------------|
| WithinFalseBlockOfTrueBlockOfNestedTernaryStatement                                                | 362              | 390               | 24,214             | 48,762              |
|----------------------------------------------------------------------------------------------------+------------------+-------------------+--------------------+---------------------|
| WithinFalseBlockOfTrueBlockOfNestedTernaryStatementInternal                                        | 658              | 686               | 23,918             | 48,466              |
|----------------------------------------------------------------------------------------------------+------------------+-------------------+--------------------+---------------------|
| WithinForLoop                                                                                      | 177              | 203               | 24,399             | 48,949              |
|----------------------------------------------------------------------------------------------------+------------------+-------------------+--------------------+---------------------|
| WithinForLoopInternal                                                                              | 453              | 481               | 24,123             | 48,671              |
|----------------------------------------------------------------------------------------------------+------------------+-------------------+--------------------+---------------------|
| WithinTopLevelFunction                                                                             | 155              | 181               | 24,421             | 48,971              |
|----------------------------------------------------------------------------------------------------+------------------+-------------------+--------------------+---------------------|
| WithinTopLevelFunctionInternal                                                                     | 433              | 461               | 24,143             | 48,691              |
|----------------------------------------------------------------------------------------------------+------------------+-------------------+--------------------+---------------------|
| WithinTrueBlockOfFalseBlockOfNestedTernaryStatement                                                | 362              | 390               | 24,214             | 48,762              |
|----------------------------------------------------------------------------------------------------+------------------+-------------------+--------------------+---------------------|
| WithinTrueBlockOfFalseBlockOfNestedTernaryStatementInternal                                        | 658              | 686               | 23,918             | 48,466              |
|----------------------------------------------------------------------------------------------------+------------------+-------------------+--------------------+---------------------|
| WithinTrueBlockOfIfStatement                                                                       | 195              | 221               | 24,381             | 48,931              |
|----------------------------------------------------------------------------------------------------+------------------+-------------------+--------------------+---------------------|
| WithinTrueBlockOfIfStatementInternal                                                               | 477              | 505               | 24,099             | 48,647              |
|----------------------------------------------------------------------------------------------------+------------------+-------------------+--------------------+---------------------|
| WithinTrueBlockOfTernaryStatement                                                                  | 285              | 313               | 24,291             | 48,839              |
|----------------------------------------------------------------------------------------------------+------------------+-------------------+--------------------+---------------------|
| WithinTrueBlockOfTernaryStatementInternal                                                          | 581              | 609               | 23,995             | 48,543              |
|----------------------------------------------------------------------------------------------------+------------------+-------------------+--------------------+---------------------|
| WithinTrueBlockOfTrueBlockOfNestedTernaryStatement                                                 | 362              | 390               | 24,214             | 48,762              |
|----------------------------------------------------------------------------------------------------+------------------+-------------------+--------------------+---------------------|
| WithinTrueBlockOfTrueBlockOfNestedTernaryStatementInternal                                         | 658              | 686               | 23,918             | 48,466              |
|----------------------------------------------------------------------------------------------------+------------------+-------------------+--------------------+---------------------|
| WithinTryBlockOfTryCatchStatement                                                                  | 254              | 281               | 24,322             | 48,871              |
|----------------------------------------------------------------------------------------------------+------------------+-------------------+--------------------+---------------------|
| WithinTryBlockOfTryCatchStatementInternal                                                          | 540              | 568               | 24,036             | 48,584              |
|----------------------------------------------------------------------------------------------------+------------------+-------------------+--------------------+---------------------|
| WithinWhileLoop                                                                                    | 157              | 183               | 24,419             | 48,969              |
|----------------------------------------------------------------------------------------------------+------------------+-------------------+--------------------+---------------------|
| WithinWhileLoopInternal                                                                            | 436              | 464               | 24,140             | 48,688              |
|----------------------------------------------------------------------------------------------------+------------------+-------------------+--------------------+---------------------|
| WrongInterfaceButCorrectFunctionTypeInternal                                                       | 433              | 461               | 24,143             | 48,691              |
|----------------------------------------------------------------------------------------------------+------------------+-------------------+--------------------+---------------------|
| XDomainSetter                                                                                      | 912              | 1,038             | 23,664             | 48,114              |
|----------------------------------------------------------------------------------------------------+------------------+-------------------+--------------------+---------------------|
| XDomainSetter2                                                                                     | 1,190            | 1,316             | 23,386             | 47,836              |
|----------------------------------------------------------------------------------------------------+------------------+-------------------+--------------------+---------------------|
| XDomainSetter3                                                                                     | 1,944            | 2,089             | 22,632             | 47,063              |
╰----------------------------------------------------------------------------------------------------+------------------+-------------------+--------------------+---------------------╯

